,Country,TotalCases,NewCases,TotalDeaths,NewDeaths,TotalRecovered,ActiveCases,Critical,Tot Cases/1M pop,Deaths/1M pop,TotalTests,Tests/ 1M pop,Population,lat,long,PopulationAffected,Cases Recovered,Cases Active,Mortality Rate
0,USA,367650,+646,10943.0,72.0,19810.0,336897,8983.0,1111.0,33.0,1933423.0,5841.0,331003000.0,37.09024,-95.712891,0.11107150086252994,5.38827689378485,91.63525091799266,2.9764721882224943
1,Spain,136675,0,13341.0,0,40437.0,82897,6931.0,2923.0,285.0,355000.0,7593.0,46755000.0,40.463667,-3.7492199999999998,0.2923216768260079,29.586244741174315,60.65264313151637,9.76111212730931
2,Italy,132547,0,16523.0,0,22837.0,93187,3898.0,2192.0,273.0,721732.0,11937.0,60462000.0,41.87194,12.56738,0.21922364460322188,17.229360151493434,70.30487298844939,12.465766860057187
3,Germany,103375,0,1810.0,0,36081.0,65484,4895.0,1234.0,22.0,918460.0,10962.0,83784000.0,51.165690999999995,10.451526,0.1233827461090423,34.90302297460701,63.346070133010876,1.750906892382104
4,France,98010,0,8911.0,0,17250.0,71849,7072.0,1502.0,137.0,224254.0,3436.0,65274000.0,46.227638,2.213749,0.15015166835187058,17.600244872972144,73.30782573206815,9.091929394959699
5,Iran,60500,0,3739.0,0,24236.0,32525,4083.0,720.0,45.0,186000.0,2214.0,83993000.0,32.427908,53.68804599999999,0.07202981200814353,40.0595041322314,53.760330578512395,6.180165289256198
6,UK,51608,0,5373.0,0,135.0,46100,1559.0,760.0,79.0,252958.0,3726.0,67886000.0,55.378051,-3.435973,0.07602156556580149,0.26158735079832585,89.3272360874283,10.411176561773368
7,Turkey,30217,0,649.0,0,1326.0,28242,1415.0,358.0,8.0,202845.0,2405.0,84339000.0,38.963745,35.243322,0.03582802736575013,4.388258265214945,93.4639441374061,2.1477975973789585
8,Switzerland,21712,+55,769.0,4.0,8056.0,12887,391.0,2509.0,89.0,162500.0,18776.0,8655000.0,46.818188,8.227511999999999,0.25086077411900637,37.1039056742815,59.35427413411938,3.5418201915991157
9,Belgium,20814,0,1632.0,0,3986.0,15196,1257.0,1796.0,141.0,70000.0,6040.0,11590000.0,50.503887,4.469936,0.1795858498705781,19.150571730565964,73.00855193619678,7.840876333237244
10,Netherlands,18803,0,1867.0,0,250.0,16686,1409.0,1097.0,109.0,86589.0,5053.0,17135000.0,52.132633,5.291266,0.1097344616282463,1.3295750678083285,88.74115832579908,9.929266606392597
11,Canada,16667,0,323.0,0,3616.0,12728,426.0,442.0,9.0,330901.0,8767.0,37742000.0,56.130366,-106.34677099999999,0.044160351862646385,21.695566088678227,76.36647267054659,1.9379612407751843
12,Austria,12390,+93,220.0,0,3463.0,8707,250.0,1376.0,24.0,111296.0,12357.0,9006000.0,47.516231,14.550072,0.13757495003331113,27.9499596448749,70.27441485068604,1.7756255044390639
13,Brazil,12232,+49,566.0,2.0,127.0,11539,296.0,58.0,3.0,54824.0,258.0,212559000.0,-14.235004,-51.92528,0.0057546375359312,1.038260300850229,94.33453237410072,4.627207325049051
14,Portugal,11730,0,311.0,0,140.0,11279,270.0,1150.0,31.0,110000.0,10788.0,10197000.0,39.399871999999995,-8.224454,0.11503383348043543,1.1935208866155158,96.15515771526002,2.6513213981244674
15,S. Korea,10331,+47,192.0,6.0,6694.0,3445,55.0,202.0,4.0,461233.0,8996.0,25779000.0,40.339852,127.510093,0.04007525505256216,64.79527635272481,33.346239473429485,1.8584841738457072
16,Israel,9006,+102,59.0,2.0,683.0,8264,153.0,1040.0,7.0,109724.0,12677.0,8656000.0,31.046051000000002,34.851612,0.10404343807763401,7.583833000222075,91.7610481900955,0.655118809682434
17,Russia,7497,"+1,154",58.0,11.0,494.0,6945,8.0,51.0,0.4,795000.0,5448.0,145934000.0,61.52401,105.31875600000001,0.005137253827072512,6.589302387621715,92.63705482192877,0.7736427904495131
18,Sweden,7206,0,477.0,0,205.0,6524,590.0,714.0,47.0,36900.0,3654.0,10099000.0,60.128161,18.643501,0.07135359936627389,2.844851512628365,90.53566472384125,6.619483763530392
19,Australia,5908,+13,46.0,1.0,2547.0,3315,93.0,232.0,2.0,303536.0,11903.0,25500000.0,-25.274398,133.775136,0.023168627450980393,43.111035883547736,56.110358835477314,0.7786052809749492
20,Norway,5866,+1,78.0,2.0,32.0,5756,83.0,1082.0,14.0,111299.0,20530.0,5421000.0,60.472024,8.468946,0.10820881756133553,0.5455165359699966,98.12478690760314,1.3296965564268668
21,Ireland,5364,0,174.0,0,25.0,5165,165.0,1086.0,35.0,30213.0,6119.0,4938000.0,53.41291,-8.243889999999999,0.10862697448359661,0.4660700969425802,96.29008202833707,3.2438478747203576
22,India,4858,+80,136.0,0,382.0,4340,0,4.0,0.1,140293.0,102.0,1380004000.0,20.593684,78.96288,0.0003520279651363329,7.8633182379580076,89.33717579250721,2.799505969534788
23,Czechia,4828,+6,80.0,2.0,127.0,4621,86.0,451.0,7.0,91247.0,8521.0,10709000.0,49.817492,15.472961999999999,0.0450835745634513,2.6304888152444077,95.71251035625518,1.6570008285004143
24,Chile,4815,0,37.0,0,728.0,4050,327.0,252.0,2.0,54864.0,2870.0,19116000.0,-35.675146999999996,-71.542969,0.025188323917137476,15.119418483904465,84.11214953271028,0.7684319833852544
25,Denmark,4681,0,187.0,0,1378.0,3116,144.0,808.0,32.0,52936.0,9139.0,5792000.0,56.26392,9.501785,0.08081837016574586,29.438154240546893,66.56697286904507,3.9948728904080326
26,Poland,4532,+119,111.0,4.0,191.0,4230,50.0,120.0,3.0,85467.0,2258.0,37847000.0,51.919438,19.145135999999997,0.011974529024757577,4.2144748455428065,93.33627537511032,2.4492497793468666
27,Romania,4057,0,176.0,0,406.0,3475,179.0,211.0,9.0,40987.0,2131.0,19238000.0,45.943160999999996,24.96676,0.02108847073500364,10.007394626571358,85.65442445156519,4.3381809218634455
28,Japan,3906,0,92.0,0,592.0,3222,79.0,31.0,0.7,46172.0,365.0,126476000.0,36.204824,138.252924,0.003088332964356874,15.156169994879672,82.48847926267281,2.355350742447517
29,Pakistan,3864,+98,54.0,1.0,429.0,3381,28.0,17.0,0.2,39183.0,177.0,220892000.0,30.375321000000003,69.345116,0.001749271137026239,11.102484472049689,87.5,1.3975155279503106
30,Malaysia,3793,0,62.0,0,1241.0,2490,102.0,117.0,2.0,55566.0,1717.0,32366000.0,4.210483999999999,101.97576600000001,0.011719087931780264,32.71816504086475,65.6472449248616,1.6345900342736621
31,Ecuador,3747,0,191.0,0,100.0,3456,156.0,212.0,11.0,13039.0,739.0,17643000.0,-1.8312389999999998,-78.183406,0.021237884713484104,2.6688017080330932,92.2337870296237,5.097411262343208
32,Philippines,3660,0,163.0,0,73.0,3424,1.0,33.0,1.0,22958.0,210.0,109581000.0,12.879721,121.77401699999999,0.003339995072138418,1.994535519125683,93.55191256830601,4.453551912568305
33,Luxembourg,2843,0,41.0,0,500.0,2302,33.0,4542.0,65.0,24291.0,38805.0,626000.0,49.815273,6.129583,0.4541533546325879,17.58705592683785,80.97080548716144,1.4421385860007034
34,Saudi Arabia,2752,+147,38.0,0,551.0,2163,41.0,79.0,1.0,0,0,34814000.0,23.885942,45.079162,0.007904865858562647,20.021802325581394,78.59738372093024,1.380813953488372
35,Peru,2561,0,92.0,0,997.0,1472,89.0,78.0,3.0,20414.0,619.0,32972000.0,-9.189967,-75.015152,0.007767196409074366,38.930105427567355,57.47754783287778,3.5923467395548614
36,Indonesia,2491,0,209.0,0,192.0,2090,0,9.0,0.8,13186.0,48.0,273524000.0,-0.789275,113.921327,0.0009107061903160235,7.707747892412686,83.90204737053392,8.390204737053391
37,Mexico,2439,+296,125.0,31.0,633.0,1681,89.0,19.0,1.0,20475.0,159.0,128933000.0,23.634501,-102.552784,0.0018916801749745992,25.953259532595325,68.92168921689216,5.125051250512505
38,Finland,2308,+132,27.0,0,300.0,1981,81.0,417.0,5.0,32800.0,5920.0,5541000.0,61.92411,25.748151,0.041653131203753836,12.99826689774697,85.8318890814558,1.1698440207972272
39,Thailand,2258,+38,27.0,1.0,824.0,1407,30.0,32.0,0.4,25071.0,359.0,69800000.0,15.870032,100.992541,0.003234957020057307,36.49247121346324,62.311780336581045,1.1957484499557132
40,Serbia,2200,0,58.0,0,118.0,2024,101.0,252.0,7.0,8552.0,979.0,8737000.0,44.016521000000004,21.005859,0.02518026782648506,5.363636363636363,92.0,2.6363636363636362
41,Panama,2100,0,55.0,0,14.0,2031,88.0,487.0,13.0,10297.0,2386.0,4315000.0,8.537981,-80.782127,0.04866743916570104,0.6666666666666667,96.71428571428572,2.619047619047619
42,UAE,2076,0,11.0,0,167.0,1898,1.0,210.0,1.0,220000.0,22244.0,9890000.0,23.424076,53.847818000000004,0.020990899898887763,8.044315992292871,91.42581888246627,0.5298651252408477
43,Qatar,1832,0,4.0,0,131.0,1697,37.0,636.0,1.0,38108.0,13227.0,2881000.0,25.354826,51.183884,0.06358903158625477,7.150655021834061,92.63100436681223,0.21834061135371177
44,Dominican Republic,1828,0,86.0,0,33.0,1709,147.0,169.0,8.0,4542.0,419.0,10848000.0,18.735692999999998,-70.162651,0.01685103244837758,1.8052516411378556,93.49015317286651,4.704595185995624
45,Greece,1755,0,79.0,0,269.0,1407,90.0,168.0,8.0,26193.0,2513.0,10423000.0,39.074208,21.824312,0.01683776264031469,15.327635327635328,80.17094017094017,4.501424501424502
46,South Africa,1686,0,12.0,0,95.0,1579,7.0,28.0,0.2,58098.0,980.0,59309000.0,-30.559482,22.937506,0.0028427388760559106,5.634638196915777,93.65361803084224,0.7117437722419928
47,Argentina,1628,0,53.0,0,325.0,1250,94.0,36.0,1.0,10709.0,237.0,45196000.0,-38.416097,-63.616671999999994,0.0036020886804141957,19.963144963144963,76.78132678132678,3.2555282555282554
48,Colombia,1579,0,46.0,0,88.0,1445,50.0,31.0,0.9,27685.0,544.0,50883000.0,4.570868,-74.297333,0.0031031975315920835,5.573147561747942,91.5136162127929,2.9132362254591513
49,Iceland,1562,0,6.0,0,460.0,1096,11.0,4577.0,18.0,27880.0,81701.0,341000.0,64.96305100000001,-19.020835,0.45806451612903226,29.449423815621,70.16645326504481,0.3841229193341869
50,Ukraine,1462,+143,45.0,7.0,28.0,1389,16.0,33.0,1.0,6385.0,146.0,43734000.0,48.379433,31.16558,0.003342936845474917,1.915184678522572,95.00683994528045,3.0779753761969904
51,Algeria,1423,0,173.0,0,90.0,1160,46.0,32.0,4.0,3359.0,77.0,43851000.0,28.033886,1.6596259999999998,0.0032450799297621493,6.324666198172873,81.51791988756149,12.157413914265636
52,Singapore,1375,0,6.0,0,344.0,1025,25.0,235.0,1.0,65000.0,11110.0,5850000.0,1.352083,103.819836,0.023504273504273504,25.018181818181816,74.54545454545455,0.4363636363636364
53,Egypt,1322,0,85.0,0,259.0,978,0,13.0,0.8,25000.0,244.0,102334000.0,26.820553000000004,30.802497999999996,0.0012918482615748431,19.591527987897127,73.97881996974282,6.429652042360061
54,Croatia,1222,0,16.0,0,130.0,1076,36.0,298.0,4.0,11464.0,2793.0,4105000.0,45.1,15.2,0.029768574908647993,10.638297872340425,88.05237315875614,1.309328968903437
55,New Zealand,1160,+54,1.0,0,241.0,918,14.0,241.0,0.2,42826.0,8881.0,4822000.0,-40.900557,174.88597099999998,0.024056408129406886,20.775862068965516,79.13793103448276,0.08620689655172414
56,Morocco,1141,+21,83.0,3.0,88.0,970,1.0,31.0,2.0,5272.0,143.0,36911000.0,31.791702,-7.09262,0.003091219419685189,7.712532865907098,85.0131463628396,7.274320771253287
57,Estonia,1108,0,19.0,0,62.0,1027,14.0,835.0,14.0,21866.0,16484.0,1327000.0,58.595271999999994,25.013607,0.08349660889223813,5.595667870036101,92.68953068592057,1.7148014440433215
58,Iraq,1031,0,64.0,0,344.0,623,0,26.0,2.0,0,0,40223000.0,33.223191,43.679291,0.0025632101036720287,33.365664403491756,60.42677012609118,6.207565470417071
59,Slovenia,1021,0,30.0,0,102.0,889,30.0,491.0,14.0,28253.0,13590.0,2079000.0,46.151241,14.995463,0.04911014911014912,9.990205680705191,87.07149853085211,2.9382957884427032
60,Moldova,965,0,21.0,2.0,37.0,907,80.0,239.0,5.0,0,0,4034000.0,47.411631,28.369884999999996,0.023921665840356966,3.83419689119171,93.98963730569947,2.1761658031088085
61,Hong Kong,915,0,4.0,0,216.0,695,12.0,122.0,0.5,96709.0,12900.0,7497000.0,22.396428,114.10949699999999,0.012204881952781113,23.60655737704918,75.95628415300546,0.4371584699453552
62,Lithuania,880,+37,15.0,0,8.0,857,11.0,323.0,6.0,27807.0,10215.0,2722000.0,55.169438,23.881275,0.03232916972814107,0.9090909090909091,97.38636363636364,1.7045454545454544
63,Armenia,853,+20,8.0,0,87.0,758,30.0,288.0,3.0,5140.0,1735.0,2963000.0,40.069099,45.038189,0.02878839014512319,10.199296600234467,88.862837045721,0.9378663540445485
64,Hungary,817,+73,47.0,9.0,71.0,699,17.0,85.0,5.0,23746.0,2458.0,9660000.0,47.162494,19.503304,0.008457556935817807,8.69033047735618,85.55691554467563,5.752753977968176
65,Bahrain,756,0,4.0,0,458.0,294,4.0,444.0,2.0,47684.0,28023.0,1702000.0,25.930414000000003,50.637772,0.04441833137485311,60.58201058201058,38.88888888888889,0.5291005291005291
66,Bosnia and Herzegovina,740,+66,30.0,1.0,68.0,642,4.0,226.0,9.0,5934.0,1809.0,3281000.0,43.915886,17.679076000000002,0.022554099359951233,9.18918918918919,86.75675675675676,4.054054054054054
67,Belarus,700,0,13.0,0,53.0,634,11.0,74.0,1.0,40000.0,4233.0,9449000.0,53.709807,27.953389,0.00740819134299926,7.571428571428572,90.57142857142857,1.8571428571428572
68,Kazakhstan,670,+8,6.0,0,47.0,617,16.0,36.0,0.3,5093.0,271.0,18777000.0,48.019573,66.923684,0.0035681951323427597,7.014925373134329,92.08955223880596,0.8955223880597015
69,Kuwait,665,0,1.0,0,105.0,559,20.0,156.0,0.2,0,0,4271000.0,29.311659999999996,47.481766,0.015570124092718332,15.789473684210526,84.06015037593984,0.15037593984962408
70,Cameroon,658,0,9.0,0,17.0,632,0,25.0,0.3,0,0,26546000.0,7.369722,12.354722,0.0024787161907632036,2.5835866261398177,96.04863221884499,1.3677811550151975
71,Azerbaijan,641,0,7.0,0,44.0,590,11.0,63.0,0.7,45000.0,4438.0,10139000.0,40.143105,47.576927000000005,0.006322122497287701,6.86427457098284,92.04368174726989,1.0920436817472698
72,Tunisia,596,0,22.0,0,5.0,569,39.0,50.0,2.0,7725.0,654.0,11819000.0,33.886917,9.537499,0.005042727811151535,0.8389261744966443,95.46979865771812,3.691275167785235
73,North Macedonia,570,0,23.0,0,30.0,517,15.0,274.0,11.0,5291.0,2540.0,2083000.0,41.608635,21.745275,0.027364378300528083,5.263157894736842,90.70175438596492,4.035087719298246
74,Bulgaria,565,+16,22.0,0,42.0,501,26.0,81.0,3.0,15899.0,2288.0,6948000.0,42.733883,25.48583,0.008131836499712147,7.433628318584071,88.67256637168141,3.893805309734513
75,Latvia,542,0,1.0,0,16.0,525,5.0,287.0,0.5,21453.0,11374.0,1886000.0,56.879635,24.603189,0.028738069989395546,2.952029520295203,96.86346863468634,0.18450184501845018
76,Lebanon,541,0,19.0,0,60.0,462,27.0,79.0,3.0,9653.0,1414.0,6825000.0,33.854721000000005,35.862285,0.007926739926739926,11.090573012939002,85.39741219963032,3.512014787430684
77,Slovakia,534,0,2.0,0,8.0,524,3.0,98.0,0.4,16191.0,2966.0,5460000.0,48.669026,19.699023999999998,0.00978021978021978,1.4981273408239701,98.12734082397003,0.37453183520599254
78,Andorra,525,0,21.0,0,31.0,473,12.0,6795.0,272.0,0,0,77000.0,42.546245,1.6015540000000001,0.6818181818181818,5.904761904761905,90.0952380952381,4.0
79,Costa Rica,467,0,2.0,0,18.0,447,14.0,92.0,0.4,5363.0,1053.0,5094000.0,9.748917,-83.753428,0.009167648213584609,3.854389721627409,95.71734475374733,0.4282655246252677
80,Cyprus,465,0,9.0,0,45.0,411,11.0,385.0,7.0,11664.0,9661.0,1207000.0,35.126413,33.429859,0.03852526926263463,9.67741935483871,88.38709677419355,1.935483870967742
81,Afghanistan,423,+56,11.0,0,18.0,394,0,11.0,0.3,0,0,38928000.0,33.93911,67.709953,0.0010866214549938348,4.25531914893617,93.14420803782507,2.6004728132387704
82,Uruguay,415,0,6.0,0,123.0,286,14.0,119.0,2.0,5385.0,1550.0,3474000.0,-32.522779,-55.765834999999996,0.011945883707541738,29.63855421686747,68.9156626506024,1.4457831325301205
83,Albania,377,0,21.0,0,116.0,240,7.0,131.0,7.0,2571.0,893.0,2878000.0,41.153332,20.168331,0.013099374565670605,30.76923076923077,63.660477453580896,5.570291777188329
84,Taiwan,376,+3,5.0,0,61.0,310,0,16.0,0.2,39011.0,1638.0,23817000.0,23.69781,120.96051499999999,0.0015787042868539278,16.22340425531915,82.4468085106383,1.3297872340425532
85,Oman,371,+40,2.0,0,67.0,302,3.0,73.0,0.4,0,0,5107000.0,21.512583,55.923255000000005,0.0072645388682200905,18.059299191374663,81.40161725067385,0.5390835579514826
86,Burkina Faso,364,0,18.0,0,108.0,238,0,17.0,0.9,0,0,20903000.0,12.238333,-1.561593,0.0017413768358608812,29.67032967032967,65.38461538461539,4.945054945054945
87,Cuba,363,+13,9.0,0,18.0,336,12.0,32.0,0.8,5234.0,462.0,11327000.0,21.521757,-77.78116700000001,0.0032047320561490243,4.958677685950414,92.56198347107438,2.479338842975207
88,Jordan,349,0,6.0,0,126.0,217,5.0,34.0,0.6,17000.0,1666.0,10203000.0,30.585164000000002,36.238414,0.0034205625796334413,36.10315186246418,62.17765042979943,1.7191977077363898
89,Réunion,349,0,0.0,0,40.0,309,4.0,390.0,0,0,0,895000.0,-21.115141,55.536384,0.03899441340782123,11.461318051575931,88.53868194842407,0.0
90,Channel Islands,323,0,7.0,0,27.0,289,0,1858.0,40.0,1157.0,6655.0,174000.0,33.998028000000005,-119.772949,0.18563218390804598,8.359133126934983,89.47368421052632,2.1671826625387
91,Ivory Coast,323,0,3.0,0,41.0,279,0,12.0,0.1,0,0,26378000.0,7.539989,-5.54708,0.001224505269542801,12.693498452012383,86.37770897832817,0.9287925696594427
92,Honduras,305,+7,22.0,0,6.0,277,10.0,31.0,2.0,0,0,9905000.0,15.199998999999998,-86.241905,0.0030792529025744577,1.9672131147540985,90.81967213114754,7.213114754098362
93,Ghana,287,+73,5.0,0,31.0,251,2.0,9.0,0.2,0,0,31073000.0,7.946527000000001,-1.0231940000000002,0.0009236314485244425,10.801393728222997,87.45644599303137,1.7421602787456445
94,San Marino,277,0,32.0,0,35.0,210,14.0,8164.0,943.0,586.0,17270.0,34000.0,43.94236,12.457777,0.8147058823529412,12.63537906137184,75.81227436823104,11.552346570397113
95,Palestine,254,0,1.0,0,24.0,229,0,50.0,0.2,12738.0,2497.0,5101000.0,31.952162,35.233154,0.004979415800823368,9.448818897637794,90.15748031496062,0.39370078740157477
96,Vietnam,245,0,0.0,0,106.0,139,8.0,3.0,0,94305.0,969.0,97339000.0,14.058323999999999,108.277199,0.0002516976751353517,43.26530612244898,56.734693877551024,0.0
97,Malta,241,0,0.0,0,5.0,236,3.0,546.0,0,10923.0,24738.0,442000.0,35.937496,14.375416,0.054524886877828055,2.0746887966804977,97.9253112033195,0.0
98,Nigeria,238,0,5.0,0,35.0,198,2.0,1.0,0.02,5000.0,24.0,206140000.0,9.081999,8.675277000000001,0.00011545551566896285,14.705882352941178,83.19327731092437,2.100840336134454
99,Senegal,226,0,2.0,0,92.0,132,1.0,13.0,0.1,0,0,16744000.0,14.497401000000002,-14.452361999999999,0.0013497372193024368,40.707964601769916,58.4070796460177,0.8849557522123894
100,Georgia,195,+7,2.0,0,39.0,154,6.0,49.0,0.5,2762.0,692.0,3989000.0,42.315407,43.356891999999995,0.004888443218851843,20.0,78.97435897435898,1.0256410256410255
101,Bolivia,194,+11,14.0,3.0,2.0,178,3.0,17.0,1.0,591.0,51.0,11673000.0,-16.290154,-63.588653,0.001661954938747537,1.0309278350515463,91.75257731958763,7.216494845360824
102,Faeroe Islands,184,+1,0.0,0,129.0,55,2.0,3766.0,0,5035.0,103043.0,49000.0,61.892635,-6.9118059999999995,0.37551020408163266,70.1086956521739,29.891304347826086,0.0
103,Sri Lanka,180,+2,6.0,1.0,38.0,136,5.0,8.0,0.3,3248.0,152.0,21413000.0,7.873054,80.77179699999999,0.000840610843879886,21.11111111111111,75.55555555555556,3.3333333333333335
104,Venezuela,165,0,7.0,0,65.0,93,6.0,6.0,0.2,1779.0,63.0,28436000.0,6.42375,-66.58973,0.0005802503868335912,39.39393939393939,56.36363636363636,4.242424242424243
105,DRC,161,0,18.0,0,5.0,138,0,2.0,0.2,0,0,89561000.0,-4.038333000000001,21.758664000000003,0.0001797657462511584,3.1055900621118013,85.71428571428571,11.180124223602485
106,Kenya,158,0,6.0,0,4.0,148,2.0,3.0,0.1,4277.0,80.0,53771000.0,-0.023559,37.906193,0.00029383868628070895,2.5316455696202533,93.67088607594937,3.79746835443038
107,Martinique,151,0,4.0,0,50.0,97,20.0,402.0,11.0,0,0,375000.0,14.641528,-61.024174,0.040266666666666666,33.11258278145696,64.23841059602648,2.6490066225165565
108,Guadeloupe,139,0,7.0,0,31.0,101,14.0,347.0,17.0,0,0,400000.0,16.995971,-62.067641,0.034749999999999996,22.302158273381295,72.66187050359713,5.0359712230215825
109,Brunei,135,0,1.0,0,82.0,52,3.0,309.0,2.0,8261.0,18883.0,437000.0,4.535277,114.72766899999999,0.030892448512585814,60.74074074074074,38.51851851851852,0.7407407407407408
110,Guinea,128,0,0.0,0,5.0,123,0,10.0,0,0,0,13133000.0,9.945587,-9.696645,0.0009746440264981345,3.90625,96.09375,0.0
111,Bangladesh,123,0,12.0,0,33.0,78,1.0,0.7,0.07,3610.0,22.0,164689000.0,23.684994,90.35633100000001,7.468622676681503e-05,26.82926829268293,63.41463414634146,9.75609756097561
112,Paraguay,115,+2,5.0,0,15.0,95,1.0,16.0,0.7,2039.0,286.0,7133000.0,-23.442503,-58.44383199999999,0.0016122248703210429,13.043478260869565,82.6086956521739,4.3478260869565215
113,Cambodia,115,+1,0.0,0,58.0,57,1.0,7.0,0,5768.0,345.0,16719000.0,12.565679,104.990963,0.0006878401818290568,50.43478260869565,49.56521739130435,0.0
114,Gibraltar,109,0,0.0,0,52.0,57,0,3235.0,0,1387.0,41168.0,34000.0,36.137741,-5.345374,0.3205882352941176,47.706422018348626,52.293577981651374,0.0
115,Trinidad and Tobago,105,0,8.0,0,1.0,96,0,75.0,6.0,833.0,595.0,1399000.0,10.691803,-61.222503,0.0075053609721229455,0.9523809523809524,91.42857142857143,7.6190476190476195
116,Rwanda,105,0,0.0,0,4.0,101,0,8.0,0,0,0,12952000.0,-1.940278,29.873888,0.0008106856084002472,3.8095238095238098,96.19047619047619,0.0
117,Liechtenstein,77,0,1.0,0,55.0,21,0,2020.0,26.0,900.0,23605.0,38000.0,47.166000000000004,9.555373,0.2026315789473684,71.42857142857143,27.27272727272727,1.2987012987012987
118,Monaco,77,0,1.0,0,4.0,72,4.0,1962.0,25.0,0,0,39000.0,43.750298,7.412841,0.19743589743589746,5.194805194805195,93.5064935064935,1.2987012987012987
119,Guatemala,74,+4,3.0,0,17.0,54,3.0,4.0,0.2,1134.0,63.0,17916000.0,15.783470999999999,-90.23075899999999,0.0004130386246930118,22.972972972972975,72.97297297297297,4.054054054054054
120,French Guiana,72,0,0.0,0,34.0,38,1.0,241.0,0,0,0,299000.0,3.9338889999999997,-53.125781999999994,0.024080267558528427,47.22222222222222,52.77777777777778,0.0
121,Aruba,71,0,0.0,0,2.0,69,0,665.0,0,910.0,8523.0,107000.0,12.52111,-69.968338,0.06635514018691589,2.8169014084507045,97.1830985915493,0.0
122,Jamaica,59,0,3.0,0,8.0,48,0,20.0,1.0,540.0,182.0,2961000.0,18.109581,-77.297508,0.0019925700776764607,13.559322033898304,81.35593220338984,5.084745762711865
123,Togo,58,0,3.0,0,23.0,32,0,7.0,0.4,1467.0,177.0,8279000.0,8.619543,0.824782,0.0007005677014132142,39.6551724137931,55.172413793103445,5.172413793103448
124,Ethiopia,44,0,2.0,0,4.0,38,1.0,0.4,0.02,1843.0,16.0,114964000.0,9.145,40.489672999999996,3.827285063150203e-05,9.090909090909092,86.36363636363636,4.545454545454546
125,Macao,44,0,0.0,0,10.0,34,1.0,68.0,0,0,0,649000.0,22.198745000000002,113.543873,0.006779661016949152,22.727272727272727,77.27272727272727,0.0
126,French Polynesia,42,0,0.0,0,0.0,42,0,150.0,0,618.0,2200.0,281000.0,-17.679742,-149.40684299999998,0.014946619217081849,0.0,100.0,0.0
127,Cayman Islands,39,0,1.0,0,1.0,37,0,593.0,15.0,365.0,5554.0,66000.0,19.513469,-80.566956,0.0590909090909091,2.564102564102564,94.87179487179486,2.564102564102564
128,Saint Martin,32,0,2.0,0,7.0,23,6.0,828.0,52.0,0,0,39000.0,18.073099,-63.082198999999996,0.08205128205128205,21.875,71.875,6.25
129,Guyana,31,0,5.0,1.0,8.0,18,8.0,39.0,6.0,115.0,146.0,787000.0,4.860416000000001,-58.93018000000001,0.003939008894536214,25.806451612903224,58.06451612903226,16.129032258064516
130,Gabon,30,+6,1.0,0,1.0,28,0,13.0,0.4,0,0,2226000.0,-0.803689,11.609444,0.001347708894878706,3.3333333333333335,93.33333333333333,3.3333333333333335
131,Maldives,19,0,0.0,0,13.0,6,0,35.0,0,0,0,541000.0,3.202778,73.22068,0.0035120147874306835,68.42105263157895,31.57894736842105,0.0
132,Namibia,16,0,0.0,0,3.0,13,0,6.0,0,362.0,142.0,2541000.0,-22.957639999999998,18.49041,0.0006296733569460842,18.75,81.25,0.0
133,Antigua and Barbuda,15,0,0.0,0,0.0,15,1.0,153.0,0,40.0,408.0,98000.0,17.060816,-61.796428000000006,0.015306122448979591,0.0,100.0,0.0
134,Mongolia,15,0,0.0,0,4.0,11,0,5.0,0,0,0,3278000.0,46.862496,103.84665600000001,0.0004575960951799878,26.666666666666668,73.33333333333333,0.0
135,Sudan,14,+2,2.0,0,2.0,10,0,0.3,0.05,0,0,43849000.0,12.862807,30.217636,3.1927752058199734e-05,14.285714285714285,71.42857142857143,14.285714285714285
136,Saint Lucia,14,0,0.0,0,1.0,13,0,76.0,0,0,0,184000.0,13.909444,-60.97889300000001,0.0076086956521739125,7.142857142857142,92.85714285714286,0.0
137,Curaçao,13,0,1.0,0,5.0,7,0,79.0,6.0,0,0,164000.0,12.16957,-68.990021,0.007926829268292683,38.46153846153847,53.84615384615385,7.6923076923076925
138,Suriname,10,0,1.0,0,0.0,9,0,17.0,2.0,0,0,587000.0,3.9193050000000005,-56.02778299999999,0.0017035775127768312,0.0,90.0,10.0
139,Eswatini,10,0,0.0,0,4.0,6,0,9.0,0,0,0,1160000.0,-26.497615999999997,31.355666999999997,0.0008620689655172414,40.0,60.0,0.0
140,Nepal,9,0,0.0,0,1.0,8,0,0.3,0,1656.0,57.0,29137000.0,28.394857000000002,84.12400799999999,3.08885609362666e-05,11.11111111111111,88.88888888888889,0.0
141,St. Vincent Grenadines,7,0,0.0,0,1.0,6,0,63.0,0,0,0,111000.0,12.984305,-61.287228000000006,0.006306306306306306,14.285714285714285,85.71428571428571,0.0
142,Mauritania,6,0,1.0,0,2.0,3,0,1.0,0.2,67.0,14.0,4650000.0,21.00789,-10.940835,0.0001290322580645161,33.33333333333333,50.0,16.666666666666664
143,St. Barth,6,0,0.0,0,1.0,5,0,607.0,0,0,0,10000.0,17.896179999999998,-62.84978,0.06,16.666666666666664,83.33333333333334,0.0
144,Bhutan,5,0,0.0,0,2.0,3,0,6.0,0,1166.0,1511.0,772000.0,27.514162,90.433601,0.0006476683937823834,40.0,60.0,0.0
145,China,81740,+32,3331.0,0,77167.0,1242,211.0,57.0,2.0,0,0,1439324000.0,35.86166,104.195397,0.005679054889656533,94.4054318571079,1.5194519207242476,4.07511622216785
146,Total:,1349821,"+3,817",74820.0,166.0,286877.0,988124,47409.0,173.2,9.6,0,0,7794798728.999999,1.0,1.0,0.01731694488759647,21.252966134028142,73.20407668868687,5.542957177284988
